SELECT column_name
FROM information_schema.columns
WHERE table_name = 'usuarios';

INSERT INTO usuarios ("idUsuario", "NombreUsuario", "password", "email", "nombreCompleto", "fechaRegistro", "estrellas") VALUES
(2, 'asmith', 'secure456', 'asmith@example.com', 'Alice Smith', '2023-01-02', 4),
(3, 'mbrown', 'pass789', 'mbrown@example.com', 'Michael Brown', '2023-01-03', 3),
(4, 'jane_doe', 'janedoe2023', 'jane_doe@example.com', 'Jane Doe', '2023-02-01', 5),
(5, 'tsmith', '123abc', 'tsmith@example.com', 'Tom Smith', '2023-02-10', 2),
(6, 'kwhite', 'kwhite999', 'kwhite@example.com', 'Katherine White', '2023-03-15', 3),
(7, 'bking', 'king2023', 'bking@example.com', 'Brandon King', '2023-03-20', 4),
(8, 'lgreen', 'greenlight', 'lgreen@example.com', 'Laura Green', '2023-04-01', 4),
(9, 'cwilson', 'wilson321', 'cwilson@example.com', 'Chris Wilson', '2023-04-15', 2),
(10, 'nroberts', 'nrob2023', 'nroberts@example.com', 'Nancy Roberts', '2023-05-01', 5),
(11, 'bwalker', 'bwpass', 'bwalker@example.com', 'Bob Walker', '2023-05-10', 4),
(12, 'eperez', 'eperez567', 'eperez@example.com', 'Elena Perez', '2023-06-01', 3),
(13, 'mlopez', 'mlpass999', 'mlopez@example.com', 'Maria Lopez', '2023-06-15', 4),
(14, 'rsanchez', 'sanch123', 'rsanchez@example.com', 'Roberto Sanchez', '2023-07-01', 2),
(15, 'agomez', 'agomez111', 'agomez@example.com', 'Ana Gomez', '2023-07-10', 5),
(16, 'dclark', 'clark_789', 'dclark@example.com', 'David Clark', '2023-08-01', 4),
(17, 'hlane', 'hlane1234', 'hlane@example.com', 'Helen Lane', '2023-08-15', 3),
(18, 'mmorris', 'mmpass2023', 'mmorris@example.com', 'Michael Morris', '2023-09-01', 5),
(19, 'pscott', 'pscott999', 'pscott@example.com', 'Paul Scott', '2023-09-10', 4),
(20, 'dfoster', 'dpass2023', 'dfoster@example.com', 'Diana Foster', '2023-10-01', 2),
(21, 'sgarcia', 'sgarcia123', 'sgarcia@example.com', 'Sandra Garcia', '2023-10-10', 5),
(22, 'jlewis', 'jlpass123', 'jlewis@example.com', 'James Lewis', '2023-11-01', 4),
(23, 'jmartin', 'jmart2023', 'jmartin@example.com', 'Julia Martin', '2023-11-15', 3),
(24, 'hyoung', 'hyoungpass', 'hyoung@example.com', 'Henry Young', '2023-12-01', 4),
(25, 'vking', 'kingv2023', 'vking@example.com', 'Victoria King', '2023-12-15', 5),
(26, 'awhite', 'white_aw', 'awhite@example.com', 'Albert White', '2024-01-01', 3),
(27, 'kcole', 'kcolepass', 'kcole@example.com', 'Karen Cole', '2024-01-10', 4),
(28, 'gphillips', 'gphill2023', 'gphillips@example.com', 'Gary Phillips', '2024-02-01', 2),
(29, 'rtaylor', 'taylor_r', 'rtaylor@example.com', 'Rachel Taylor', '2024-02-15', 5),
(30, 'cmartinez', 'cmart2024', 'cmartinez@example.com', 'Carlos Martinez', '2024-03-01', 4),
(31, 'lrobinson', 'lrobinson99', 'lrobinson@example.com', 'Linda Robinson', '2024-03-15', 3),
(32, 'bclark', 'bclark567', 'bclark@example.com', 'Brian Clark', '2024-04-01', 2),
(33, 'lwright', 'lwright2024', 'lwright@example.com', 'Laura Wright', '2024-04-10', 5),
(34, 'tward', 'wardt_2024', 'tward@example.com', 'Thomas Ward', '2024-05-01', 4),
(35, 'lhill', 'lhill2024', 'lhill@example.com', 'Lily Hill', '2024-05-15', 4),
(36, 'jdavis', 'jdpass', 'jdavis@example.com', 'John Davis', '2024-06-01', 3),
(37, 'fyoung', 'fyoung2024', 'fyoung@example.com', 'Frank Young', '2024-06-10', 2),
(38, 'cmoore', 'moorec2024', 'cmoore@example.com', 'Cindy Moore', '2024-07-01', 5),
(39, 'jhughes', 'hughesj_24', 'jhughes@example.com', 'Jorge Hughes', '2024-07-10', 3),
(40, 'jyoung', 'jyoungpass', 'jyoung@example.com', 'Julia Young', '2024-08-01', 4),
(41, 'pgray', 'pgraypass', 'pgray@example.com', 'Peter Gray', '2024-08-15', 2),
(42, 'jbell', 'bellj2024', 'jbell@example.com', 'Janet Bell', '2024-09-01', 5),
(43, 'rcook', 'cookr2024', 'rcook@example.com', 'Ryan Cook', '2024-09-10', 4),
(44, 'ehayes', 'hayese123', 'ehayes@example.com', 'Ellen Hayes', '2024-10-01', 3),
(45, 'wsanders', 'sandws24', 'wsanders@example.com', 'William Sanders', '2024-10-15', 4),
(46, 'cperry', 'perryc_24', 'cperry@example.com', 'Cathy Perry', '2024-11-01', 2),
(47, 'dmitchell', 'dmitch24', 'dmitchell@example.com', 'Dennis Mitchell', '2024-11-10', 5),
(48, 'ahernandez', 'hernand24', 'ahernandez@example.com', 'Angela Hernandez', '2024-12-01', 4),
(49, 'kjones', 'kjpass24', 'kjones@example.com', 'Kevin Jones', '2024-12-15', 3),
(50, 'ecarter', 'cartere123', 'ecarter@example.com', 'Emma Carter', '2025-01-01', 5);

INSERT INTO productos ("idProducto", "nombreProducto","descripcion", "precio", "fechaPublicacion", "idUsuario") VALUES
(1, 'Smartphone Galaxy S22', 'Teléfono inteligente con pantalla AMOLED de 6.2 pulgadas', 799.99, '2023-06-15', 2),
(2, 'Laptop Dell XPS 13', 'Ultrabook con procesador Intel Core i7 y 16GB de RAM', 1299.50, '2023-05-22', 5),
(3, 'Audífonos Sony WH-1000XM4', 'Audífonos inalámbricos con cancelación de ruido', 349.99, '2023-07-10', 3),
(4, 'Televisor LG OLED55', 'Televisor OLED 4K de 55 pulgadas con AI ThinQ', 1299.00, '2023-04-12', 4),
(5, 'Mouse Logitech MX Master 3', 'Mouse ergonómico con conectividad Bluetooth y USB', 99.99, '2023-02-28', 6),
(6, 'Tablet iPad Pro', 'Tablet de 12.9 pulgadas con procesador M1 y 128GB de almacenamiento', 1099.00, '2023-03-03', 2),
(7, 'Monitor Samsung 27"', 'Monitor 4K UHD con HDR y FreeSync', 499.50, '2023-06-18', 7),
(8, 'Cámara Canon EOS R5', 'Cámara sin espejo con sensor de 45 MP y grabación 8K', 3899.00, '2023-05-05', 8),
(9, 'Smartwatch Apple Watch Series 7', 'Reloj inteligente con GPS y resistencia al agua', 399.99, '2023-08-08', 9),
(10, 'Teclado Mecánico Keychron K2', 'Teclado inalámbrico con switches mecánicos', 79.99, '2023-07-01', 10),
(11, 'Bocinas JBL Flip 6', 'Bocinas portátiles con sonido potente y resistencia al agua', 119.99, '2023-06-25', 3),
(12, 'Consola PlayStation 5', 'Consola de videojuegos de última generación', 499.99, '2023-01-29', 11),
(13, 'Router TP-Link Archer AX50', 'Router Wi-Fi 6 de doble banda con velocidades de hasta 3 Gbps', 129.99, '2023-03-20', 12),
(14, 'Parlante Amazon Echo Dot', 'Asistente virtual con control de voz Alexa', 49.99, '2023-08-19', 13),
(15, 'Bicicleta de Montaña Trek', 'Bicicleta con marco de aluminio y suspensión delantera', 799.99, '2023-04-10', 14),
(16, 'Aspiradora Dyson V11', 'Aspiradora inalámbrica con alta potencia de succión', 599.99, '2023-03-11', 5),
(17, 'Kindle Paperwhite', 'Lector de libros electrónicos con luz integrada', 129.99, '2023-05-15', 3),
(18, 'Smart TV TCL 55"', 'Televisor 4K UHD con Roku integrado', 379.99, '2023-07-04', 15),
(19, 'Cafetera Nespresso', 'Cafetera automática de cápsulas con espuma de leche', 199.99, '2023-06-20', 6),
(20, 'Tostadora Philips', 'Tostadora con controles de temperatura y bandeja para migas', 39.99, '2023-08-12', 16),
(21, 'Drone DJI Mini 2', 'Drone compacto con cámara 4K y transmisión de 10 km', 449.99, '2023-05-03', 4),
(22, 'Patineta Eléctrica Xiaomi', 'Patineta eléctrica con autonomía de 25 km', 399.99, '2023-08-10', 7),
(23, 'Colchón Memory Foam', 'Colchón con espuma de memoria para mayor confort', 349.99, '2023-02-27', 17),
(24, 'Purificador de Aire Xiaomi', 'Purificador de aire con filtro HEPA y control por app', 159.99, '2023-03-23', 8),
(25, 'Set de Ollas T-fal', 'Juego de ollas antiadherentes de aluminio', 79.99, '2023-05-13', 18),
(26, 'Licuadora Oster', 'Licuadora con motor de 600W y vaso de vidrio', 49.99, '2023-06-30', 10),
(27, 'Estufa Whirlpool', 'Estufa de gas con cuatro quemadores y horno', 299.99, '2023-08-15', 12),
(28, 'Set de Herramientas Black+Decker', 'Set de herramientas con taladro y 68 piezas', 99.99, '2023-04-08', 11),
(29, 'Cámara GoPro HERO9', 'Cámara de acción con estabilización de imagen y 5K', 399.99, '2023-01-07', 9),
(30, 'Micrófono Blue Yeti', 'Micrófono de condensador USB para grabación profesional', 129.99, '2023-05-28', 19),
(31, 'Silla Gamer Secretlab', 'Silla ergonómica para juegos y trabajo', 429.99, '2023-04-18', 15),
(32, 'Refrigerador Samsung', 'Refrigerador de dos puertas con dispensador de agua y hielo', 1099.99, '2023-07-22', 16),
(33, 'Microondas LG', 'Horno de microondas con 1200W y funciones automáticas', 129.99, '2023-08-05', 13),
(34, 'Lavadora Whirlpool', 'Lavadora de carga frontal con capacidad de 10 kg', 699.99, '2023-03-02', 17),
(35, 'Plancha Rowenta', 'Plancha de vapor con base de acero inoxidable', 59.99, '2023-06-27', 14),
(36, 'Auriculares Bose QuietComfort', 'Auriculares con cancelación de ruido y sonido de alta calidad', 299.99, '2023-07-16', 18),
(37, 'Reloj Inteligente Fitbit Versa 3', 'Reloj con monitoreo de actividad física y sueño', 229.99, '2023-05-30', 20),
(38, 'Escáner Epson V600', 'Escáner fotográfico de alta resolución', 199.99, '2023-03-14', 12),
(39, 'Aire Acondicionado LG', 'Aire acondicionado de ventana de 12000 BTU', 299.99, '2023-08-01', 19),
(40, 'Set de Sartenes Tefal', 'Sartenes antiadherentes con revestimiento de cerámica', 89.99, '2023-04-01', 15),
(41, 'Cepillo Eléctrico Oral-B', 'Cepillo de dientes eléctrico con tecnología de oscilación', 49.99, '2023-06-12', 11),
(42, 'Escaladora Magnética', 'Máquina de escalada de alta resistencia para ejercicio', 179.99, '2023-07-21', 13),
(43, 'Purificador de Agua Brita', 'Purificador de agua con filtro reemplazable', 29.99, '2023-05-26', 20),
(44, 'Cinta de Correr ProForm', 'Cinta de correr con inclinación automática y pantalla LCD', 699.99, '2023-04-14', 14),
(45, 'Mochila Herschel', 'Mochila de lona con compartimiento para laptop', 59.99, '2023-02-18', 18),
(46, 'Gafas de Realidad Virtual Oculus', 'Gafas VR para juegos y experiencias inmersivas', 299.99, '2023-06-06', 9),
(47, 'Estante de Madera', 'Estante flotante de madera para decoración de interiores', 39.99, '2023-01-25', 16),
(48, 'Control Remoto Logitech Harmony', 'Control remoto universal con pantalla táctil', 149.99, '2023-07-03', 10),
(49, 'Linterna LED Recargable', 'Linterna con batería recargable y resistencia al agua', 19.99, '2023-08-17', 3);

INSERT INTO compras ("idCompra", "fechaCompra", "total", "idUsuario", "idProducto") VALUES
(1, '2023-01-10', 799.99, 2, 1),
(2, '2023-02-15', 1299.50, 5, 2),
(3, '2023-03-22', 349.99, 3, 3),
(4, '2023-04-05', 1299.00, 4, 4),
(5, '2023-05-12', 99.99, 6, 5),
(6, '2023-06-18', 1099.00, 2, 6),
(7, '2023-07-23', 499.50, 7, 7),
(8, '2023-08-30', 3899.00, 8, 8),
(9, '2023-09-10', 399.99, 9, 9),
(10, '2023-10-14', 79.99, 10, 10),
(11, '2023-11-25', 119.99, 3, 11),
(12, '2023-01-19', 499.99, 11, 12),
(13, '2023-02-08', 129.99, 12, 13),
(14, '2023-03-07', 49.99, 13, 14),
(15, '2023-04-20', 799.99, 14, 15),
(16, '2023-05-30', 599.99, 5, 16),
(17, '2023-06-09', 129.99, 3, 17),
(18, '2023-07-16', 379.99, 15, 18),
(19, '2023-08-04', 199.99, 6, 19),
(20, '2023-09-21', 39.99, 16, 20),
(21, '2023-10-15', 449.99, 4, 21),
(22, '2023-11-02', 399.99, 7, 22),
(23, '2023-01-28', 349.99, 17, 23),
(24, '2023-02-11', 159.99, 8, 24),
(25, '2023-03-25', 79.99, 18, 25),
(26, '2023-04-30', 49.99, 10, 26),
(27, '2023-05-18', 299.99, 12, 27),
(28, '2023-06-26', 99.99, 11, 28),
(29, '2023-07-14', 399.99, 9, 29),
(30, '2023-08-05', 129.99, 19, 30);

CREATE TABLE metodo_pago (
    idMetodoPago SERIAL PRIMARY KEY,
    nombreMetodo VARCHAR(255) NOT NULL
);

INSERT INTO metodos_pago ("nombreMetodo") VALUES
('Tarjeta de Crédito'),
('Tarjeta de Débito'),
('PayPal'),
('Amazon Pay'),
('MercadoPago'),
('Apple Pay'),
('Google Pay');

INSERT INTO facturas ("fechaFactura", "idCompra") VALUES
('2024-10-01', 1),
('2024-10-02', 2),
('2024-10-03', 3),
('2024-10-04', 4),
('2024-10-05', 5),
('2024-10-06', 6),
('2024-10-07', 7),
('2024-10-08', 8),
('2024-10-09', 9),
('2024-10-10', 10),
('2024-10-11', 11),
('2024-10-12', 12),
('2024-10-13', 13),
('2024-10-14', 14),
('2024-10-15', 15),
('2024-10-16', 16),
('2024-10-17', 17),
('2024-10-18', 18),
('2024-10-19', 19),
('2024-10-20', 20),
('2024-10-21', 21),
('2024-10-22', 22),
('2024-10-23', 23),
('2024-10-24', 24),
('2024-10-25', 25),
('2024-10-26', 26),
('2024-10-27', 27),
('2024-10-28', 28),
('2024-10-29', 29),
('2024-10-30', 30);

select * from facturas;





